-- phpMyAdmin SQL Dump
-- version 4.8.3
-- https://www.phpmyadmin.net/
--
-- Host: localhost:8889
-- Generation Time: Oct 23, 2020 at 02:55 PM
-- Server version: 5.7.23
-- PHP Version: 7.2.10

SET SQL_MODE = "NO_AUTO_VALUE_ON_ZERO";
SET time_zone = "+00:00";

--
-- Database: `matchminton`
--

--
-- Dumping data for table `product`
--

INSERT INTO `product` (`product_id`, `product_name`, `type`, `price`, `description`, `quantity`, `created_at`, `updated_at`, `brand_id`) VALUES
(30, 'VOLTRIC 0.1 DG', 1, 1100, '', 20, '2020-09-07 13:47:10', '2020-09-06 23:47:10', 1),
(31, 'ASTROX 6', 1, 1600, '', 20, '2020-09-07 13:51:00', '2020-09-06 23:51:00', 1),
(32, 'NANORAY 20', 1, 1200, '', 20, '2020-09-07 13:52:03', '2020-09-06 23:52:03', 1),
(33, 'NANORAY GlanZ', 1, 3695, '', 20, '2020-09-07 13:53:15', '2020-09-06 23:53:15', 1),
(34, 'NANOFLARE 600', 1, 5270, '', 20, '2020-09-07 13:54:39', '2020-09-06 23:54:39', 1),
(35, 'NANORAY 10F', 1, 1090, '', 20, '2020-09-07 13:55:18', '2020-09-06 23:55:18', 1),
(36, 'DUORA 55', 1, 1750, '', 20, '2020-09-07 13:56:07', '2020-09-06 23:56:07', 1),
(37, 'ASTROX 77', 1, 3345, '', 20, '2020-09-07 14:00:49', '2020-09-07 00:00:49', 1),
(38, 'ASTROX 7', 1, 1800, '', 20, '2020-09-07 14:01:36', '2020-09-07 00:01:36', 1),
(39, 'NANOFLARE 700 2020 SPECIAL EDITION', 1, 5025, '', 20, '2020-09-07 14:02:24', '2020-09-07 00:02:24', 1),
(40, 'NANORAY I-SPEED', 1, 2890, '', 20, '2020-09-07 14:03:30', '2020-09-07 00:03:30', 1),
(41, 'VOLTRIC FB', 1, 3645, '', 20, '2020-09-07 14:04:26', '2020-09-07 00:04:26', 1),
(42, 'VOLTRIC Z-FORCE Ⅱ', 1, 2875, '', 20, '2020-09-07 14:04:58', '2020-09-07 00:04:58', 1),
(43, 'ASTROX 99', 1, 4675, '', 20, '2020-09-07 14:05:29', '2020-09-07 00:05:29', 1),
(44, 'NANORAY 900', 1, 3545, '', 20, '2020-09-07 14:06:12', '2020-09-07 00:06:12', 1),
(45, 'NANORAY 300 NEO', 1, 2450, '', 20, '2020-09-07 14:06:55', '2020-09-07 00:06:55', 1),
(46, 'NANORAY Z-SPEED', 1, 2915, '', 20, '2020-09-07 14:07:32', '2020-09-07 00:07:32', 1),
(47, 'ARCSABER 11', 1, 2750, '', 20, '2020-09-07 14:08:12', '2020-09-07 00:08:12', 1),
(48, 'THURSTER K HMR LIGHT H', 1, 1900, '', 20, '2020-09-07 14:09:32', '2020-09-07 00:09:32', 3),
(49, 'ARROW POWER 5000', 1, 1590, '', 20, '2020-09-07 14:10:05', '2020-09-07 00:10:05', 3),
(50, 'BRAVE SWORD 55L', 1, 1290, '', 20, '2020-09-07 14:10:39', '2020-09-07 00:10:39', 3),
(51, 'AURASPEED 10', 1, 1290, '', 20, '2020-09-07 14:11:16', '2020-09-07 00:11:16', 3),
(52, 'BRAVE SWORD 12', 1, 3700, '', 20, '2020-09-07 14:12:01', '2020-09-07 00:12:01', 3),
(53, 'HYPERNANO X 7SP', 1, 2550, '', 20, '2020-09-07 14:12:40', '2020-09-07 00:12:40', 3),
(54, 'THRUSTER K HMR L', 1, 1900, '', 20, '2020-09-07 14:13:48', '2020-09-07 00:13:48', 3),
(55, 'ARROWSPEED 18', 1, 1290, '', 20, '2020-09-07 14:14:28', '2020-09-07 00:14:28', 3),
(56, 'HYPERNANO X 800', 1, 4700, '', 20, '2020-09-07 14:14:59', '2020-09-07 00:14:59', 3),
(57, 'THURSTER K F CLAW II', 1, 5200, '', 20, '2020-09-07 14:15:33', '2020-09-07 00:15:33', 3),
(58, 'JETSPEED S 10', 1, 4700, '', 20, '2020-09-07 14:16:02', '2020-09-07 00:16:02', 3),
(59, 'AURASPEED 90 S', 1, 4700, '', 20, '2020-09-07 14:16:45', '2020-09-07 00:16:45', 3),
(60, 'DRIVEX 9X', 1, 4700, '', 20, '2020-09-07 14:17:15', '2020-09-07 00:17:15', 3),
(61, 'SUPER SERIES 8', 1, 1290, '', 20, '2020-09-07 14:18:29', '2020-09-07 00:18:29', 2),
(62, 'WINDSTORM 72 SUPER LIGHT', 1, 3590, '', 20, '2020-09-07 14:22:13', '2020-09-07 00:22:13', 2),
(63, 'TECTONIC 7 INSTINCT', 1, 5190, '', 20, '2020-09-07 14:22:42', '2020-09-07 00:22:42', 2),
(64, 'WINDSTORM 700 SUPER LIGHT', 1, 2590, '', 20, '2020-09-07 14:23:22', '2020-09-07 00:23:22', 2),
(65, 'SUPER SERIES SS68-II', 1, 990, '', 20, '2020-09-07 14:24:08', '2020-09-07 00:24:08', 2),
(66, 'TURBOCHARGING 20 COMBAT', 1, 2990, '', 20, '2020-09-07 14:24:51', '2020-09-07 00:24:51', 2),
(67, 'G-FORCE PRO 2800I', 1, 1790, '', 20, '2020-09-07 14:25:27', '2020-09-07 00:25:27', 2),
(68, '3D CALIBAR 900 B', 1, 5890, '', 20, '2020-09-07 14:26:07', '2020-09-07 00:26:07', 2),
(69, 'AIR FORCE 77', 1, 1890, '', 20, '2020-09-07 14:26:39', '2020-09-07 00:26:39', 2),
(70, '3D CALIBAR 300 COMBAT', 1, 2990, '', 20, '2020-09-07 14:27:13', '2020-09-07 00:27:13', 2),
(71, 'AERONAUT 4000 COMBAT', 1, 3690, '', 20, '2020-09-07 14:27:58', '2020-09-07 00:27:58', 0),
(72, '3D CALIBAR 600 B', 1, 4890, '', 20, '2020-09-07 14:28:36', '2020-09-07 00:28:36', 2),
(73, 'AERONAUT 9000 COMBAT', 1, 5790, '', 20, '2020-09-07 14:29:11', '2020-09-07 00:29:11', 2),
(74, 'AERONAUT 9000 DRIVE', 1, 5790, '', 20, '2020-09-07 14:29:40', '2020-09-07 00:29:40', 2),
(75, 'TURBOCHARGING 70 COMBAT', 1, 4990, '', 20, '2020-09-07 14:30:16', '2020-09-07 00:30:16', 2),
(76, 'TECTONIC 7 DRIVE', 1, 5190, '', 20, '2020-09-07 14:30:57', '2020-09-07 00:30:57', 2);

--
-- Dumping data for table `product_image`
--

INSERT INTO `product_image` (`fk_product_id`, `path`) VALUES
(30, '../uploadFiles/VT01DGEX-BL-A.jpg'),
(30, '../uploadFiles/VT01DGEX-BL-B.jpg'),
(30, '../uploadFiles/VT01DGEX-BL-C.jpg'),
(30, '../uploadFiles/VT01DGEX-BL-D.jpg'),
(31, '../uploadFiles/AX6EX-BKLM-A.jpg'),
(31, '../uploadFiles/AX6EX-BKLM-B.jpg'),
(31, '../uploadFiles/AX6EX-BKLM-C.jpg'),
(31, '../uploadFiles/AX6EX-BKLM-D.jpg'),
(31, '../uploadFiles/AX6EX-BKLM-E.jpg'),
(31, '../uploadFiles/AX6EX-BKLM-F.jpg'),
(32, '../uploadFiles/NANO-20 (1).jpg'),
(32, '../uploadFiles/NANO-20.jpg'),
(32, '../uploadFiles/NANO-20-BKBL.jpg'),
(32, '../uploadFiles/NANO-20-BKBL_2.jpg'),
(32, '../uploadFiles/NANO-20-BKY.jpg'),
(32, '../uploadFiles/NANO-20-BKY_2.jpg'),
(33, '../uploadFiles/NANORAY GlanZ01.jpg'),
(33, '../uploadFiles/NANORAY GlanZ02.jpg'),
(33, '../uploadFiles/NANORAY GlanZ03.jpg'),
(34, '../uploadFiles/nf-600_1_1_.jpg'),
(34, '../uploadFiles/nf-600_2.jpg'),
(34, '../uploadFiles/nf-600_3.jpg'),
(34, '../uploadFiles/racket_nanoflare_orinal__3.jpg'),
(35, '../uploadFiles/NANO-10F-BKBL.jpg'),
(35, '../uploadFiles/NANO-10F-BKBL_2.jpg'),
(35, '../uploadFiles/RACKET-YONEX-NR10F-BLACK-BLUE-2.jpg'),
(36, '../uploadFiles/duora-55.jpg'),
(36, '../uploadFiles/duora-55_2.jpg'),
(36, '../uploadFiles/duora-55_3.jpg'),
(37, '../uploadFiles/AX77_MEB_01_A.jpg'),
(37, '../uploadFiles/AX77_MEB_01_B.jpg'),
(37, '../uploadFiles/AX77_SHIY_01_A(1).jpg'),
(37, '../uploadFiles/AX77_SHIY_01_B.jpg'),
(37, '../uploadFiles/AX77_SHIY_01_C(1).jpg'),
(37, '../uploadFiles/AX77_SHIY_MEB_01.jpg'),
(38, '../uploadFiles/ax7_1.jpg'),
(38, '../uploadFiles/ax7_2.jpg'),
(38, '../uploadFiles/ax7_3.jpg'),
(38, '../uploadFiles/YNX-ASTROX-7-2.jpg'),
(39, '../uploadFiles/NF-700LYX-BKBKT-A.jpg'),
(39, '../uploadFiles/NF-700LYX-BKBKT-B.jpg'),
(39, '../uploadFiles/NF-700LYX-BKBKT-C.jpg'),
(39, '../uploadFiles/NF-700LYX-BKBKT-D.jpg'),
(39, '../uploadFiles/NF-700LYX-BKBKT-E.jpg'),
(39, '../uploadFiles/NF-700LYX-BKBKT-F.jpg'),
(40, '../uploadFiles/NR-ISPYX-A.jpg'),
(40, '../uploadFiles/NR-ISPYX-B.jpg'),
(40, '../uploadFiles/NR-ISPYX-C.jpg'),
(40, '../uploadFiles/NR-ISPYX-D.jpg'),
(40, '../uploadFiles/NR-ISPYX-E.jpg'),
(40, '../uploadFiles/NR-ISPYX-F.jpg'),
(41, '../uploadFiles/706dbcda438962a2ab4551eb994ea68a.jpg'),
(41, '../uploadFiles/VTFB_1(1).jpg'),
(41, '../uploadFiles/VTFB_2(1).jpg'),
(41, '../uploadFiles/VTFB_3(1).jpg'),
(42, '../uploadFiles/vtz ii.jpg'),
(42, '../uploadFiles/vtz ii02.jpg'),
(42, '../uploadFiles/vtz ii03.jpg'),
(42, '../uploadFiles/vtz ii04.jpg'),
(43, '../uploadFiles/AX99 full.jpg'),
(43, '../uploadFiles/AX99YX-SSHIO-C.jpg'),
(43, '../uploadFiles/AX99YX-SSHIO-D.jpg'),
(43, '../uploadFiles/AX99YX-SSHIO-E.jpg'),
(43, '../uploadFiles/AX99YX-SSHIO-I.jpg'),
(43, '../uploadFiles/AX99YX-SSHIO-K.jpg'),
(44, '../uploadFiles/NR900YX-BN-A.jpg'),
(44, '../uploadFiles/NR900YX-BN-B.jpg'),
(44, '../uploadFiles/NR900YX-BN-C.jpg'),
(44, '../uploadFiles/NR900YX-BN-D.jpg'),
(44, '../uploadFiles/NR900YX-BN-E.jpg'),
(44, '../uploadFiles/NR900YX-BN-F.jpg'),
(45, '../uploadFiles/nr300neo_1.jpg'),
(45, '../uploadFiles/nr300neo_2.jpg'),
(45, '../uploadFiles/nr300neo_3.jpg'),
(45, '../uploadFiles/nr300neo_4.jpg'),
(47, '../uploadFiles/ARC11YX-MER-A.jpg'),
(47, '../uploadFiles/ARC11YX-MER-B.jpg'),
(47, '../uploadFiles/ARC11YX-MER-C.jpg'),
(47, '../uploadFiles/ARC11YX-MER-D.jpg'),
(47, '../uploadFiles/ARC11YX-MER-E.jpg'),
(47, '../uploadFiles/ARC11YX-MER-F.jpg'),
(48, '../uploadFiles/2018110211472923471.jpg'),
(48, '../uploadFiles/2018110211472939110.jpg'),
(48, '../uploadFiles/2018110211472947785.jpg'),
(48, '../uploadFiles/2018110211473060613.jpg'),
(48, '../uploadFiles/2018110211473074551.jpg'),
(49, '../uploadFiles/AP-@5000-A.jpg'),
(49, '../uploadFiles/AP-@5000-B.jpg'),
(49, '../uploadFiles/AP-@5000-C.jpg'),
(49, '../uploadFiles/AP-@5000-D.jpg'),
(49, '../uploadFiles/AP-@5000-E.jpg'),
(49, '../uploadFiles/AP-@5000-F.jpg'),
(50, '../uploadFiles/BRS-55L-F-A.jpg'),
(50, '../uploadFiles/BRS-55L-F-B.jpg'),
(50, '../uploadFiles/BRS-55L-F-C.jpg'),
(50, '../uploadFiles/BRS-55L-F-D.jpg'),
(50, '../uploadFiles/BRS-55L-F-E.jpg'),
(50, '../uploadFiles/BRS-55L-F-F.jpg'),
(51, '../uploadFiles/2019101616252841127.jpg'),
(51, '../uploadFiles/2019101616252841997.jpg'),
(51, '../uploadFiles/2019101616252849034.jpg'),
(51, '../uploadFiles/2019101616252853806.jpg'),
(51, '../uploadFiles/2019101616252999147.jpg'),
(52, '../uploadFiles/BRS-12L-A.jpg'),
(52, '../uploadFiles/BRS-12L-B.jpg'),
(52, '../uploadFiles/BRS-12L-C.jpg'),
(52, '../uploadFiles/BRS-12L-D.jpg'),
(52, '../uploadFiles/BRS-12L-E.jpg'),
(52, '../uploadFiles/BRS-12L-F.jpg'),
(53, '../uploadFiles/HX-7SP-A.jpg'),
(53, '../uploadFiles/HX-7SP-B.jpg'),
(53, '../uploadFiles/HX-7SP-C.jpg'),
(53, '../uploadFiles/HX-7SP-D.jpg'),
(53, '../uploadFiles/HX-7SP-E.jpg'),
(53, '../uploadFiles/HX-7SP-F.jpg'),
(54, '../uploadFiles/TK-HMRL-A.jpg'),
(54, '../uploadFiles/TK-HMRL-B.jpg'),
(54, '../uploadFiles/TK-HMRL-C.jpg'),
(54, '../uploadFiles/TK-HMRL-D.jpg'),
(54, '../uploadFiles/TK-HMRL-E.jpg'),
(54, '../uploadFiles/TK-HMRL-F.jpg'),
(55, '../uploadFiles/AS-@18-A.jpg'),
(55, '../uploadFiles/AS-@18-B.jpg'),
(55, '../uploadFiles/AS-@18-C.jpg'),
(55, '../uploadFiles/AS-@18-D.jpg'),
(55, '../uploadFiles/AS-@18-E.jpg'),
(55, '../uploadFiles/AS-@18-F.jpg'),
(56, '../uploadFiles/2014112116163558584.jpg'),
(56, '../uploadFiles/2016032413483923555.jpg'),
(56, '../uploadFiles/2016032413483948687.jpg'),
(56, '../uploadFiles/2016032413483982192.jpg'),
(56, '../uploadFiles/2016032413483996760.jpg'),
(57, '../uploadFiles/66222_0_20190909170555.jpg'),
(57, '../uploadFiles/66222_1_20190909170555.jpg'),
(57, '../uploadFiles/66222_2_20190909170555.jpg'),
(57, '../uploadFiles/66222_3_20190909170555.jpg'),
(57, '../uploadFiles/66222_4_20190909170555.jpg'),
(57, '../uploadFiles/66222_5_20191014094628.jpg'),
(58, '../uploadFiles/2017121218301428942.jpg'),
(58, '../uploadFiles/2017121218301542806.jpg'),
(58, '../uploadFiles/2017121218301684928.jpg'),
(58, '../uploadFiles/2017121218301727257.jpg'),
(58, '../uploadFiles/2017121218301884031.jpg'),
(59, '../uploadFiles/56620_3_20190118184947.jpg'),
(59, '../uploadFiles/56620_6_20190118184410.jpg'),
(59, '../uploadFiles/56620_8_20181210174446.jpg'),
(59, '../uploadFiles/2018102311254919643.jpg'),
(59, '../uploadFiles/2018102311254950710.jpg'),
(59, '../uploadFiles/2018102311254956535.jpg'),
(60, '../uploadFiles/DX-9X-B-A.jpg'),
(60, '../uploadFiles/DX-9X-B-B.jpg'),
(60, '../uploadFiles/DX-9X-B-C.jpg'),
(60, '../uploadFiles/DX-9X-B-D.jpg'),
(60, '../uploadFiles/DX-9X-B-E.jpg'),
(61, '../uploadFiles/REDBLACKYELLOW01.jpg'),
(61, '../uploadFiles/REDBLACKYELLOW02.jpg'),
(61, '../uploadFiles/REDBLACKYELLOW03.jpg'),
(61, '../uploadFiles/REDBLACKYELLOW04.jpg'),
(61, '../uploadFiles/REDBLACKYELLOW05.jpg'),
(62, '../uploadFiles/AYPP246-4-A.jpg'),
(62, '../uploadFiles/AYPP246-4-B.jpg'),
(62, '../uploadFiles/AYPP246-4-C.jpg'),
(62, '../uploadFiles/AYPP246-4-D.jpg'),
(62, '../uploadFiles/AYPP246-4-E.jpg'),
(62, '../uploadFiles/AYPP246-4-F.jpg'),
(63, '../uploadFiles/AYPQ126-4-A.jpg'),
(63, '../uploadFiles/AYPQ126-4-B.jpg'),
(63, '../uploadFiles/AYPQ126-4-C.jpg'),
(63, '../uploadFiles/AYPQ126-4-D.jpg'),
(63, '../uploadFiles/AYPQ126-4-E.jpg'),
(63, '../uploadFiles/AYPQ126-4-F.jpg'),
(64, '../uploadFiles/AYPJ022-1-A.jpg'),
(64, '../uploadFiles/AYPJ022-1-B.jpg'),
(64, '../uploadFiles/AYPJ022-1-C.jpg'),
(64, '../uploadFiles/AYPJ022-1-D.jpg'),
(64, '../uploadFiles/AYPJ022-1-E.jpg'),
(64, '../uploadFiles/AYPJ022-1-F.jpg'),
(65, '../uploadFiles/AYPF306-1S-A.jpg'),
(65, '../uploadFiles/AYPF306-1S-B.jpg'),
(65, '../uploadFiles/AYPF306-1S-C.jpg'),
(65, '../uploadFiles/AYPF306-1S-D.jpg'),
(65, '../uploadFiles/AYPF306-1S-E.jpg'),
(65, '../uploadFiles/AYPF306-1S-F.jpg'),
(66, '../uploadFiles/AYPP022-4S-A.jpg'),
(66, '../uploadFiles/AYPP022-4S-B.jpg'),
(66, '../uploadFiles/AYPP022-4S-C.jpg'),
(66, '../uploadFiles/AYPP022-4S-D.jpg'),
(66, '../uploadFiles/AYPP022-4S-E.jpg'),
(67, '../uploadFiles/AYPL248-4-A.jpg'),
(67, '../uploadFiles/AYPL248-4-B.jpg'),
(67, '../uploadFiles/AYPL248-4-C.jpg'),
(67, '../uploadFiles/AYPL248-4-D.jpg'),
(67, '../uploadFiles/AYPL248-4-E.jpg'),
(67, '../uploadFiles/AYPL248-4-F.jpg'),
(68, '../uploadFiles/badminton-racket-AYPM402-1-B.jpg'),
(68, '../uploadFiles/badminton-racket-AYPM402-1-C.jpg'),
(68, '../uploadFiles/badminton-racket-AYPM402-1-D.jpg'),
(68, '../uploadFiles/badminton-racket-AYPM402-1-J.jpg'),
(68, '../uploadFiles/badminton-racket-AYPM402-1-M.jpg'),
(68, '../uploadFiles/badminton-racket-AYPM402-1-O.jpg'),
(69, '../uploadFiles/Airforce77-78-79_๑๙๑๑๒๗_0046.jpg'),
(69, '../uploadFiles/Airforce77-78-79_๑๙๑๑๒๗_0047.jpg'),
(69, '../uploadFiles/Airforce77-78-79_๑๙๑๑๒๗_0048.jpg'),
(69, '../uploadFiles/Airforce77-78-79_๑๙๑๑๒๗_0049.jpg'),
(69, '../uploadFiles/Airforce77-78-79_๑๙๑๑๒๗_0050.jpg'),
(70, '../uploadFiles/AYPP014-1000-A.jpg'),
(70, '../uploadFiles/AYPP014-1000-B.jpg'),
(70, '../uploadFiles/AYPP014-1000-C.jpg'),
(70, '../uploadFiles/AYPP014-1000-D.jpg'),
(70, '../uploadFiles/AYPP014-1000-E.jpg'),
(71, '../uploadFiles/AYPM444-1.jpg'),
(71, '../uploadFiles/AYPM444-1-B.jpg'),
(71, '../uploadFiles/AYPM444-1-C.jpg'),
(71, '../uploadFiles/AYPM444-1-D.jpg'),
(71, '../uploadFiles/AYPM444-1-H.jpg'),
(72, '../uploadFiles/badminton-racket-AYPM402-1-B.jpg'),
(72, '../uploadFiles/badminton-racket-AYPM402-1-C.jpg'),
(72, '../uploadFiles/badminton-racket-AYPM402-1-D.jpg'),
(72, '../uploadFiles/badminton-racket-AYPM402-1-J.jpg'),
(72, '../uploadFiles/badminton-racket-AYPM402-1-M.jpg'),
(72, '../uploadFiles/badminton-racket-AYPM402-1-O.jpg'),
(73, '../uploadFiles/ae9000c6.png'),
(73, '../uploadFiles/IMG_9088__20099.1575517460.1280.1280.jpg'),
(73, '../uploadFiles/IMG_9100__89255.1575517460.1280.1280.jpg'),
(73, '../uploadFiles/IMG_9110__70252.1575517460.1280.1280.jpg'),
(73, '../uploadFiles/IMG_9118__57342.1575517460.1280.1280.jpg'),
(73, '../uploadFiles/IMG_9128__59295.1575517460.1280.1280.jpg'),
(74, '../uploadFiles/AYPP118-1D-A.jpg'),
(74, '../uploadFiles/AYPP118-1D-B.jpg'),
(74, '../uploadFiles/AYPP118-1D-C.jpg'),
(74, '../uploadFiles/AYPP118-1D-D.jpg'),
(74, '../uploadFiles/AYPP118-1D-E.jpg'),
(74, '../uploadFiles/AYPP118-1D-F.jpg'),
(75, '../uploadFiles/201909191202470.jpg'),
(75, '../uploadFiles/201909191202481.jpg'),
(75, '../uploadFiles/201909191202482.jpg'),
(75, '../uploadFiles/201909191202493.jpg'),
(75, '../uploadFiles/201909191202494.jpg'),
(76, '../uploadFiles/AYPQ018-1-A.jpg'),
(76, '../uploadFiles/AYPQ018-1-B.jpg'),
(76, '../uploadFiles/AYPQ018-1-C.jpg'),
(76, '../uploadFiles/AYPQ018-1-D.jpg'),
(76, '../uploadFiles/AYPQ018-1-E.jpg'),
(76, '../uploadFiles/AYPQ018-1-G.jpg');

--
-- Dumping data for table `racket_detail`
--

INSERT INTO `racket_detail` (`rd_id`, `grip_size`, `balance`, `tension`, `weight`, `flex`, `level`, `created_at`, `updated_at`, `fk_product_id`) VALUES
(1, 3, 1, 35, 2, 4, 1, '2020-09-07 13:47:10', '2020-09-06 23:47:10', 30),
(2, 3, 1, 24, 2, 4, 2, '2020-09-07 13:51:00', '2020-09-06 23:51:00', 31),
(3, 3, 3, 22, 2, 4, 1, '2020-09-07 13:52:03', '2020-09-06 23:52:03', 32),
(4, 3, 3, 22, 2, 4, 2, '2020-09-07 13:53:15', '2020-09-06 23:53:15', 33),
(5, 3, 3, 27, 2, 4, 2, '2020-09-07 13:54:39', '2020-09-06 23:54:39', 34),
(6, 3, 2, 24, 2, 4, 1, '2020-09-07 13:55:18', '2020-09-06 23:55:18', 35),
(7, 3, 2, 26, 2, 3, 2, '2020-09-07 13:56:07', '2020-09-06 23:56:07', 36),
(8, 3, 1, 29, 1, 3, 2, '2020-09-07 14:00:49', '2020-09-07 00:00:49', 37),
(9, 3, 1, 24, 2, 3, 2, '2020-09-07 14:01:36', '2020-09-07 00:01:36', 38),
(10, 3, 3, 28, 2, 3, 2, '2020-09-07 14:02:24', '2020-09-07 00:02:24', 39),
(11, 3, 3, 24, 1, 3, 2, '2020-09-07 14:03:30', '2020-09-07 00:03:30', 40),
(12, 3, 1, 24, 2, 2, 2, '2020-09-07 14:04:26', '2020-09-07 00:04:26', 41),
(13, 3, 1, 27, 2, 2, 3, '2020-09-07 14:04:58', '2020-09-07 00:04:58', 42),
(14, 3, 1, 28, 2, 2, 3, '2020-09-07 14:05:29', '2020-09-07 00:05:29', 43),
(15, 3, 3, 24, 2, 2, 2, '2020-09-07 14:06:12', '2020-09-07 00:06:12', 44),
(16, 3, 3, 24, 2, 2, 3, '2020-09-07 14:06:55', '2020-09-07 00:06:55', 45),
(17, 3, 2, 24, 1, 2, 3, '2020-09-07 14:07:32', '2020-09-07 00:07:32', 46),
(18, 3, 2, 24, 2, 2, 2, '2020-09-07 14:08:12', '2020-09-07 00:08:12', 47),
(19, 3, 1, 28, 3, 4, 1, '2020-09-07 14:09:32', '2020-09-07 00:09:32', 48),
(20, 3, 1, 33, 2, 4, 1, '2020-09-07 14:10:05', '2020-09-07 00:10:05', 49),
(21, 3, 3, 30, 3, 4, 1, '2020-09-07 14:10:39', '2020-09-07 00:10:39', 50),
(22, 3, 2, 23, 2, 4, 1, '2020-09-07 14:11:16', '2020-09-07 00:11:16', 51),
(23, 3, 2, 28, 2, 3, 2, '2020-09-07 14:12:01', '2020-09-07 00:12:01', 52),
(24, 3, 1, 26, 2, 3, 2, '2020-09-07 14:12:40', '2020-09-07 00:12:40', 53),
(25, 3, 1, 26, 2, 3, 2, '2020-09-07 14:13:48', '2020-09-07 00:13:48', 54),
(26, 3, 3, 30, 2, 3, 1, '2020-09-07 14:14:28', '2020-09-07 00:14:28', 55),
(27, 3, 1, 28, 1, 2, 2, '2020-09-07 14:14:59', '2020-09-07 00:14:59', 56),
(28, 3, 1, 31, 2, 2, 3, '2020-09-07 14:15:33', '2020-09-07 00:15:33', 57),
(29, 3, 3, 28, 2, 2, 2, '2020-09-07 14:16:02', '2020-09-07 00:16:02', 58),
(30, 3, 2, 30, 1, 2, 3, '2020-09-07 14:16:45', '2020-09-07 00:16:45', 59),
(31, 3, 2, 28, 2, 2, 3, '2020-09-07 14:17:15', '2020-09-07 00:17:15', 60),
(32, 2, 1, 28, 2, 4, 1, '2020-09-07 14:18:29', '2020-09-07 00:18:29', 61),
(33, 3, 1, 30, 4, 4, 2, '2020-09-07 14:22:13', '2020-09-07 00:22:13', 62),
(34, 3, 1, 32, 4, 4, 2, '2020-09-07 14:22:42', '2020-09-07 00:22:42', 63),
(35, 3, 3, 28, 3, 4, 2, '2020-09-07 14:23:22', '2020-09-07 00:23:22', 64),
(36, 3, 2, 28, 2, 4, 1, '2020-09-07 14:24:08', '2020-09-07 00:24:08', 65),
(37, 2, 2, 30, 1, 4, 2, '2020-09-07 14:24:51', '2020-09-07 00:24:51', 66),
(38, 3, 2, 26, 2, 3, 1, '2020-09-07 14:25:27', '2020-09-07 00:25:27', 67),
(39, 2, 2, 32, 1, 3, 2, '2020-09-07 14:26:07', '2020-09-07 00:26:07', 68),
(40, 3, 1, 30, 3, 3, 1, '2020-09-07 14:26:39', '2020-09-07 00:26:39', 69),
(41, 3, 1, 30, 1, 3, 2, '2020-09-07 14:27:13', '2020-09-07 00:27:13', 70),
(42, 2, 1, 32, 2, 3, 2, '2020-09-07 14:27:58', '2020-09-07 00:27:58', 71),
(43, 2, 3, 30, 1, 3, 2, '2020-09-07 14:28:36', '2020-09-07 00:28:36', 72),
(44, 2, 3, 32, 1, 3, 2, '2020-09-07 14:29:11', '2020-09-07 00:29:11', 73),
(45, 3, 1, 32, 2, 2, 3, '2020-09-07 14:29:40', '2020-09-07 00:29:40', 74),
(46, 2, 3, 4990, 1, 2, 2, '2020-09-07 14:30:16', '2020-09-07 00:30:16', 75),
(47, 3, 2, 32, 2, 2, 3, '2020-09-07 14:30:57', '2020-09-07 00:30:57', 76);
